outcome,outcome_label,outcome_unit,pool,pool_label,anomes,actual_value,synth_value,effect_value,actual_index,synth_index,effect_index
bolsa_familia,Familias beneficiarias do Bolsa Familia,familias,south,"Regiao Sul (RS, SC e PR)",202303,1843.0,1904.000316647399,-61.00031664739868,86.16175783076204,89.01357254078535,-2.851814710023305
bolsa_familia,Familias beneficiarias do Bolsa Familia,familias,south,"Regiao Sul (RS, SC e PR)",202304,1893.0,1929.1527953124069,-36.15279531240685,88.49929873772791,90.18947149660622,-1.6901727588783046
bolsa_familia,Familias beneficiarias do Bolsa Familia,familias,south,"Regiao Sul (RS, SC e PR)",202305,1969.0,1955.1061984329883,13.893801567011453,92.05236091631603,91.40281432599292,0.6495465903231121
bolsa_familia,Familias beneficiarias do Bolsa Familia,familias,south,"Regiao Sul (RS, SC e PR)",202306,1947.0,1950.42049603347,-3.4204960334700445,91.02384291725105,91.18375390525806,-0.1599109880070131
bolsa_familia,Familias beneficiarias do Bolsa Familia,familias,south,"Regiao Sul (RS, SC e PR)",202307,2072.0,1963.3774653716107,108.6225346283893,96.86769518466572,91.7895028224222,5.078192362243541
bolsa_familia,Familias beneficiarias do Bolsa Familia,familias,south,"Regiao Sul (RS, SC e PR)",202308,2076.0,1988.5934692331623,87.40653076683748,97.054698457223,92.96837163315392,4.086326824069076
bolsa_familia,Familias beneficiarias do Bolsa Familia,familias,south,"Regiao Sul (RS, SC e PR)",202309,2090.0,2000.6070295826376,89.39297041736222,97.70920991117345,93.53001540825797,4.179194502915479
bolsa_familia,Familias beneficiarias do Bolsa Familia,familias,south,"Regiao Sul (RS, SC e PR)",202310,1992.0,2009.051081518272,-17.051081518272213,93.12762973352034,93.92478174465975,-0.797152011139417
bolsa_familia,Familias beneficiarias do Bolsa Familia,familias,south,"Regiao Sul (RS, SC e PR)",202311,1906.0,1965.136023015261,-59.13602301526066,89.10705937353903,91.87171683100796,-2.7646574574689424
bolsa_familia,Familias beneficiarias do Bolsa Familia,familias,south,"Regiao Sul (RS, SC e PR)",202312,1933.0,1946.5157295325396,-13.515729532539352,90.3693314633006,91.00120287669657,-0.6318714133959418
bolsa_familia,Familias beneficiarias do Bolsa Familia,familias,south,"Regiao Sul (RS, SC e PR)",202401,1921.0,1953.4141123283612,-32.4141123283614,89.8083216456288,91.32370791623944,-1.5153862706106338
bolsa_familia,Familias beneficiarias do Bolsa Familia,familias,south,"Regiao Sul (RS, SC e PR)",202402,1966.0,1967.8143559871903,-1.8143559871903108,91.91210846189809,91.9969310886952,-0.0848226267971199
bolsa_familia,Familias beneficiarias do Bolsa Familia,familias,south,"Regiao Sul (RS, SC e PR)",202403,1913.0,1959.6854795752515,-46.68547957525129,89.43431510051425,91.61689946588363,-2.1825843653693937
bolsa_familia,Familias beneficiarias do Bolsa Familia,familias,south,"Regiao Sul (RS, SC e PR)",202404,1922.0,1986.280834390495,-64.2808343904951,89.85507246376811,92.86025406220172,-3.005181598433623
bolsa_familia,Familias beneficiarias do Bolsa Familia,familias,south,"Regiao Sul (RS, SC e PR)",202405,2057.0,2010.883758777532,46.116241222467806,96.16643291257596,94.01046090591548,2.155972006660491
bolsa_familia,Familias beneficiarias do Bolsa Familia,familias,south,"Regiao Sul (RS, SC e PR)",202406,2106.0,2090.627126204234,15.372873795765829,98.45722300140253,97.738528574298,0.7186944271045377
bolsa_familia,Familias beneficiarias do Bolsa Familia,familias,south,"Regiao Sul (RS, SC e PR)",202407,2148.0,2122.6436730044256,25.356326995574364,100.42075736325388,99.2353283312027,1.1854290320511751
bolsa_familia,Familias beneficiarias do Bolsa Familia,familias,south,"Regiao Sul (RS, SC e PR)",202408,2185.0,2158.4638759094178,26.536124090582238,102.1505376344086,100.90995212292742,1.2405855114811857
bolsa_familia,Familias beneficiarias do Bolsa Familia,familias,south,"Regiao Sul (RS, SC e PR)",202409,2163.0,2144.995417767523,18.004582232476878,101.12201963534362,100.2802906857187,0.8417289496249225
bolsa_familia,Familias beneficiarias do Bolsa Familia,familias,south,"Regiao Sul (RS, SC e PR)",202410,2139.0,2139.0,0.0,100.0,100.0,0.0
bolsa_familia,Familias beneficiarias do Bolsa Familia,familias,south,"Regiao Sul (RS, SC e PR)",202411,2115.0,2134.650277190999,-19.65027719099908,98.87798036465638,99.79664689999996,-0.9186665353435756
bolsa_familia,Familias beneficiarias do Bolsa Familia,familias,south,"Regiao Sul (RS, SC e PR)",202412,2079.0,2125.4189896114594,-46.41898961145944,97.19495091164096,99.36507665317716,-2.1701257415362107
bolsa_familia,Familias beneficiarias do Bolsa Familia,familias,south,"Regiao Sul (RS, SC e PR)",202501,1951.0,2006.932013310984,-55.93201331098385,91.21084618980832,93.82571357227602,-2.6148673824676933
bolsa_familia,Familias beneficiarias do Bolsa Familia,familias,south,"Regiao Sul (RS, SC e PR)",202502,1920.0,2010.7864508744517,-90.78645087445148,89.76157082748948,94.00591168183504,-4.244340854345566
bolsa_familia,Familias beneficiarias do Bolsa Familia,familias,south,"Regiao Sul (RS, SC e PR)",202503,1738.0,1941.1230107820131,-203.12301078201332,81.25292192613371,90.74908886311422,-9.496166936980517
bolsa_familia,Familias beneficiarias do Bolsa Familia,familias,south,"Regiao Sul (RS, SC e PR)",202504,1691.0,1939.8148608911229,-248.8148608911229,79.05563347358579,90.68793178546623,-11.63229831188046
bolsa_familia,Familias beneficiarias do Bolsa Familia,familias,south,"Regiao Sul (RS, SC e PR)",202505,1662.0,1937.180387940172,-275.18038794017184,77.69985974754559,90.56476801964338,-12.864908272097791
bolsa_familia,Familias beneficiarias do Bolsa Familia,familias,south,"Regiao Sul (RS, SC e PR)",202506,1609.0,1934.169172514681,-325.1691725146811,75.22206638616176,90.42399123490796,-15.201924848746202
bolsa_familia,Familias beneficiarias do Bolsa Familia,familias,south,"Regiao Sul (RS, SC e PR)",202507,1476.0,1800.4006756812191,-324.4006756812191,69.00420757363254,84.17020456667692,-15.165996993044374
bolsa_familia,Familias beneficiarias do Bolsa Familia,familias,south,"Regiao Sul (RS, SC e PR)",202508,1413.0,1780.3180681966523,-367.3180681966524,66.05890603085554,83.23132623640264,-17.1724202055471
bolsa_familia,Familias beneficiarias do Bolsa Familia,familias,south,"Regiao Sul (RS, SC e PR)",202509,1400.0,1760.9277904149517,-360.92779041495146,65.4511453950444,82.32481488615949,-16.87366949111508
bolsa_familia,Familias beneficiarias do Bolsa Familia,familias,south,"Regiao Sul (RS, SC e PR)",202510,1333.0,1682.1854961402596,-349.1854961402596,62.31884057971014,78.64354820665075,-16.324707626940608
bolsa_familia,Familias beneficiarias do Bolsa Familia,familias,south,"Regiao Sul (RS, SC e PR)",202511,1262.0,1629.498553010556,-367.498553010556,58.999532491818606,76.18039051007742,-17.18085801825881
bolsa_familia,Familias beneficiarias do Bolsa Familia,familias,south,"Regiao Sul (RS, SC e PR)",202512,1347.0,1688.5677711820392,-341.5677711820392,62.97335203366059,78.9419247864441,-15.968572752783516
bolsa_familia,Familias beneficiarias do Bolsa Familia,familias,south,"Regiao Sul (RS, SC e PR)",202601,1313.0,1693.6671045894225,-380.6671045894223,61.3838242169238,79.1803227952044,-17.796498578280605
bolsa_familia,Familias beneficiarias do Bolsa Familia,familias,south,"Regiao Sul (RS, SC e PR)",202602,1240.0,1642.7760832224872,-402.7760832224872,57.971014492753625,76.8011259103547,-18.830111417601078
bolsa_familia,Familias beneficiarias do Bolsa Familia,familias,south,"Regiao Sul (RS, SC e PR)",202603,1296.0,1630.582700084179,-334.58270008417867,60.5890603085554,76.23107527275262,-15.642014964197225
bolsa_familia,Familias beneficiarias do Bolsa Familia,familias,rs,Rio Grande do Sul,202303,1843.0,1903.568389609405,-60.5683896094049,86.16175783076204,88.99337959838265,-2.831621767620604
bolsa_familia,Familias beneficiarias do Bolsa Familia,familias,rs,Rio Grande do Sul,202304,1893.0,1931.2649675284852,-38.264967528485386,88.49929873772791,90.288217275759,-1.7889185380310977
bolsa_familia,Familias beneficiarias do Bolsa Familia,familias,rs,Rio Grande do Sul,202305,1969.0,1953.0751408155568,15.92485918444322,92.05236091631603,91.30786072068987,0.744500195626145
bolsa_familia,Familias beneficiarias do Bolsa Familia,familias,rs,Rio Grande do Sul,202306,1947.0,1947.2433172081064,-0.2433172081066459,91.02384291725105,91.0352181957974,-0.0113752785463674
bolsa_familia,Familias beneficiarias do Bolsa Familia,familias,rs,Rio Grande do Sul,202307,2072.0,1962.823392456129,109.17660754387089,96.86769518466572,91.7635994603146,5.10409572435114
bolsa_familia,Familias beneficiarias do Bolsa Familia,familias,rs,Rio Grande do Sul,202308,2076.0,1986.558803465757,89.44119653424309,97.054698457223,92.87324934388764,4.181449113335347
bolsa_familia,Familias beneficiarias do Bolsa Familia,familias,rs,Rio Grande do Sul,202309,2090.0,1999.6444330020488,90.35556699795144,97.70920991117345,93.4850132305773,4.224196680596151
bolsa_familia,Familias beneficiarias do Bolsa Familia,familias,rs,Rio Grande do Sul,202310,1992.0,2009.577806152163,-17.57780615216302,93.12762973352034,93.94940655222828,-0.8217768187079457
bolsa_familia,Familias beneficiarias do Bolsa Familia,familias,rs,Rio Grande do Sul,202311,1906.0,1970.8006110050144,-64.80061100501416,89.10705937353903,92.13654095395113,-3.0294815804120816
bolsa_familia,Familias beneficiarias do Bolsa Familia,familias,rs,Rio Grande do Sul,202312,1933.0,1954.6031323124084,-21.603132312408437,90.3693314633006,91.37929557327764,-1.0099641099770196
bolsa_familia,Familias beneficiarias do Bolsa Familia,familias,rs,Rio Grande do Sul,202401,1921.0,1958.144695102675,-37.14469510267509,89.8083216456288,91.54486653121435,-1.7365448855855732
bolsa_familia,Familias beneficiarias do Bolsa Familia,familias,rs,Rio Grande do Sul,202402,1966.0,1977.2869281664048,-11.286928166405232,91.91210846189809,92.43978158795724,-0.5276731260591561
bolsa_familia,Familias beneficiarias do Bolsa Familia,familias,rs,Rio Grande do Sul,202403,1913.0,1971.325233616193,-58.32523361619292,89.43431510051425,92.1610674902381,-2.726752389723842
bolsa_familia,Familias beneficiarias do Bolsa Familia,familias,rs,Rio Grande do Sul,202404,1922.0,1998.176852113023,-76.17685211302296,89.85507246376811,93.41640262332972,-3.5613301595616207
bolsa_familia,Familias beneficiarias do Bolsa Familia,familias,rs,Rio Grande do Sul,202405,2057.0,2021.802476718899,35.197523281100985,96.16643291257596,94.52091990270682,1.6455130098691484
bolsa_familia,Familias beneficiarias do Bolsa Familia,familias,rs,Rio Grande do Sul,202406,2106.0,2091.161099744956,14.838900255043882,98.45722300140253,97.76349227419148,0.6937307272110331
bolsa_familia,Familias beneficiarias do Bolsa Familia,familias,rs,Rio Grande do Sul,202407,2148.0,2120.9852160910145,27.014783908985464,100.42075736325388,99.15779411365192,1.2629632496019525
bolsa_familia,Familias beneficiarias do Bolsa Familia,familias,rs,Rio Grande do Sul,202408,2185.0,2159.2313193857217,25.76868061427831,102.1505376344086,100.94583073332034,1.2047069010882725
bolsa_familia,Familias beneficiarias do Bolsa Familia,familias,rs,Rio Grande do Sul,202409,2163.0,2145.0951265673066,17.90487343269342,101.12201963534362,100.28495215368427,0.8370674816593464
bolsa_familia,Familias beneficiarias do Bolsa Familia,familias,rs,Rio Grande do Sul,202410,2139.0,2139.0,0.0,100.0,100.0,0.0
bolsa_familia,Familias beneficiarias do Bolsa Familia,familias,rs,Rio Grande do Sul,202411,2115.0,2132.923278596106,-17.923278596105774,98.87798036465638,99.71590830276324,-0.8379279381068585
bolsa_familia,Familias beneficiarias do Bolsa Familia,familias,rs,Rio Grande do Sul,202412,2079.0,2124.145112823144,-45.145112823143336,97.19495091164096,99.30552187111468,-2.1105709594737334
bolsa_familia,Familias beneficiarias do Bolsa Familia,familias,rs,Rio Grande do Sul,202501,1951.0,2003.600212995596,-52.60021299559571,91.21084618980832,93.66994918165476,-2.45910299184645
bolsa_familia,Familias beneficiarias do Bolsa Familia,familias,rs,Rio Grande do Sul,202502,1920.0,2010.1317016094008,-90.1317016094008,89.76157082748948,93.9753016180178,-4.213730790528331
bolsa_familia,Familias beneficiarias do Bolsa Familia,familias,rs,Rio Grande do Sul,202503,1738.0,1934.290173271644,-196.2901732716441,81.25292192613371,90.42964811929146,-9.176726193157748
bolsa_familia,Familias beneficiarias do Bolsa Familia,familias,rs,Rio Grande do Sul,202504,1691.0,1933.1999538005016,-242.1999538005016,79.05563347358579,90.37867946706412,-11.323045993478331
bolsa_familia,Familias beneficiarias do Bolsa Familia,familias,rs,Rio Grande do Sul,202505,1662.0,1928.8765266672733,-266.87652666727354,77.69985974754559,90.17655571141998,-12.476695963874391
bolsa_familia,Familias beneficiarias do Bolsa Familia,familias,rs,Rio Grande do Sul,202506,1609.0,1925.748324629848,-316.748324629848,75.22206638616176,90.03030970686527,-14.808243320703513
bolsa_familia,Familias beneficiarias do Bolsa Familia,familias,rs,Rio Grande do Sul,202507,1476.0,1787.9901033875838,-311.99010338758376,69.00420757363254,83.59000015837232,-14.585792584739778
bolsa_familia,Familias beneficiarias do Bolsa Familia,familias,rs,Rio Grande do Sul,202508,1413.0,1769.1237832212566,-356.12378322125664,66.05890603085554,82.70798425531822,-16.649078224462684
bolsa_familia,Familias beneficiarias do Bolsa Familia,familias,rs,Rio Grande do Sul,202509,1400.0,1749.834738983439,-349.8347389834389,65.4511453950444,81.80620565607475,-16.355060261030346
bolsa_familia,Familias beneficiarias do Bolsa Familia,familias,rs,Rio Grande do Sul,202510,1333.0,1665.896734099173,-332.89673409917305,62.31884057971014,77.8820352547533,-15.563194675043164
bolsa_familia,Familias beneficiarias do Bolsa Familia,familias,rs,Rio Grande do Sul,202511,1262.0,1610.7561374792194,-348.75613747921943,58.999532491818606,75.30416725008038,-16.304634758261777
bolsa_familia,Familias beneficiarias do Bolsa Familia,familias,rs,Rio Grande do Sul,202512,1347.0,1679.5269164123126,-332.52691641231263,62.97335203366059,78.51925742928063,-15.54590539562004
bolsa_familia,Familias beneficiarias do Bolsa Familia,familias,rs,Rio Grande do Sul,202601,1313.0,1684.7054503553472,-371.7054503553472,61.3838242169238,78.76135812787972,-17.37753391095592
bolsa_familia,Familias beneficiarias do Bolsa Familia,familias,rs,Rio Grande do Sul,202602,1240.0,1634.0662365987737,-394.0662365987735,57.971014492753625,76.39393345482812,-18.42291896207449
bolsa_familia,Familias beneficiarias do Bolsa Familia,familias,rs,Rio Grande do Sul,202603,1296.0,1615.8938829551512,-319.8938829551512,60.5890603085554,75.54436105447178,-14.955300745916382
emprego_estoque,Estoque de vinculos formais,vinculos,south,"Regiao Sul (RS, SC e PR)",202303,42664.0,42776.96301370601,-112.9630137060085,95.76870412354936,96.02227438035874,-0.2535702568093825
emprego_estoque,Estoque de vinculos formais,vinculos,south,"Regiao Sul (RS, SC e PR)",202304,42951.0,43003.469315596914,-52.46931559691439,96.4129385620328,96.53071744729829,-0.1177788852654799
emprego_estoque,Estoque de vinculos formais,vinculos,south,"Regiao Sul (RS, SC e PR)",202305,43194.0,43059.87787850361,134.122121496388,96.9584053514108,96.65733883701904,0.3010665143917634
emprego_estoque,Estoque de vinculos formais,vinculos,south,"Regiao Sul (RS, SC e PR)",202306,43208.0,43078.13438182839,129.8656181716142,96.98983142158072,96.69831956234344,0.2915118592372892
emprego_estoque,Estoque de vinculos formais,vinculos,south,"Regiao Sul (RS, SC e PR)",202307,43314.0,43138.218464804806,175.781535195194,97.22777166715302,96.83319146289436,0.3945802042586734
emprego_estoque,Estoque de vinculos formais,vinculos,south,"Regiao Sul (RS, SC e PR)",202308,43253.0,43233.652190896326,19.34780910367408,97.09084378998406,97.0474133895179,0.043430400466164
emprego_estoque,Estoque de vinculos formais,vinculos,south,"Regiao Sul (RS, SC e PR)",202309,43271.0,43337.367656009366,-66.36765600936633,97.1312487373454,97.2802254955428,-0.1489767581974064
emprego_estoque,Estoque de vinculos formais,vinculos,south,"Regiao Sul (RS, SC e PR)",202310,43498.0,43506.4050083129,-8.405008312904101,97.64080001795776,97.65966690231632,-0.018866884358573
emprego_estoque,Estoque de vinculos formais,vinculos,south,"Regiao Sul (RS, SC e PR)",202311,43471.0,43578.96014167783,-107.96014167783142,97.58019259691577,97.8225328103388,-0.2423402134230201
emprego_estoque,Estoque de vinculos formais,vinculos,south,"Regiao Sul (RS, SC e PR)",202312,42733.0,42963.0092721287,-230.0092721287001,95.92358975510112,96.43989600693324,-0.516306251832134
emprego_estoque,Estoque de vinculos formais,vinculos,south,"Regiao Sul (RS, SC e PR)",202401,43893.0,43234.28194109224,658.7180589077616,98.52746414060924,97.04882700193548,1.4786371386737471
emprego_estoque,Estoque de vinculos formais,vinculos,south,"Regiao Sul (RS, SC e PR)",202402,43820.0,43540.11220621591,279.88779378409527,98.36359963186604,97.7353300999257,0.6282695319403331
emprego_estoque,Estoque de vinculos formais,vinculos,south,"Regiao Sul (RS, SC e PR)",202403,43673.0,43792.27722699082,-119.27722699082368,98.03362589508184,98.30136978830237,-0.2677438932205405
emprego_estoque,Estoque de vinculos formais,vinculos,south,"Regiao Sul (RS, SC e PR)",202404,44163.0,44014.865909625485,148.13409037451493,99.1335383510292,98.8010188996958,0.3325194513333969
emprego_estoque,Estoque de vinculos formais,vinculos,south,"Regiao Sul (RS, SC e PR)",202405,43980.0,43956.116805986494,23.883194013506,98.72275471952231,98.66914365302586,0.0536110664964724
emprego_estoque,Estoque de vinculos formais,vinculos,south,"Regiao Sul (RS, SC e PR)",202406,43973.0,43974.48437195092,-1.4843719509153743,98.70704168443736,98.71037368280076,-0.0033319983634072
emprego_estoque,Estoque de vinculos formais,vinculos,south,"Regiao Sul (RS, SC e PR)",202407,44063.0,44082.11768018451,-19.117680184506757,98.90906642124402,98.95198024688436,-0.0429138256403263
emprego_estoque,Estoque de vinculos formais,vinculos,south,"Regiao Sul (RS, SC e PR)",202408,44149.0,44236.77031190204,-87.77031190203707,99.10211228085927,99.29913199376423,-0.1970197129049751
emprego_estoque,Estoque de vinculos formais,vinculos,south,"Regiao Sul (RS, SC e PR)",202409,44302.0,44393.6270521411,-91.62705214109884,99.4455543334306,99.65123134557702,-0.2056770121464097
emprego_estoque,Estoque de vinculos formais,vinculos,south,"Regiao Sul (RS, SC e PR)",202410,44549.0,44549.0,0.0,100.0,100.0,0.0
emprego_estoque,Estoque de vinculos formais,vinculos,south,"Regiao Sul (RS, SC e PR)",202411,44580.0,44599.225685556215,-19.225685556215467,100.06958629823342,100.11274256561586,-0.043156267382443
emprego_estoque,Estoque de vinculos formais,vinculos,south,"Regiao Sul (RS, SC e PR)",202412,43796.0,43923.11242280431,-127.1124228043118,98.3097263687176,98.59505807718313,-0.2853317084655344
emprego_estoque,Estoque de vinculos formais,vinculos,south,"Regiao Sul (RS, SC e PR)",202501,45331.0,44177.88824100186,1153.1117589981368,101.75537049092011,99.16695827291716,2.588412218002958
emprego_estoque,Estoque de vinculos formais,vinculos,south,"Regiao Sul (RS, SC e PR)",202502,44954.0,44620.12940220492,333.87059779508127,100.90911131563,100.15966554177405,0.749445773855939
emprego_estoque,Estoque de vinculos formais,vinculos,south,"Regiao Sul (RS, SC e PR)",202503,44868.0,44779.93101650562,88.06898349437688,100.71606545601472,100.5183753092227,0.1976901467920129
emprego_estoque,Estoque de vinculos formais,vinculos,south,"Regiao Sul (RS, SC e PR)",202504,45002.0,44981.488259999256,20.511740000743885,101.01685784192686,100.97081474331468,0.0460430986121735
emprego_estoque,Estoque de vinculos formais,vinculos,south,"Regiao Sul (RS, SC e PR)",202505,45110.0,44983.81871594519,126.18128405481548,101.25928752609484,100.9760459627493,0.2832415633455554
emprego_estoque,Estoque de vinculos formais,vinculos,south,"Regiao Sul (RS, SC e PR)",202506,45360.0,45005.24463083167,354.7553691683352,101.8204673505578,101.02414112736912,0.7963262231886858
emprego_estoque,Estoque de vinculos formais,vinculos,south,"Regiao Sul (RS, SC e PR)",202507,45497.0,45008.44256737671,488.55743262328906,102.12799389436351,101.03131959724509,1.0966742971184402
emprego_estoque,Estoque de vinculos formais,vinculos,south,"Regiao Sul (RS, SC e PR)",202508,45611.0,44987.183595679424,623.8164043205761,102.38389189431862,100.98359917322368,1.4002927210949423
emprego_estoque,Estoque de vinculos formais,vinculos,south,"Regiao Sul (RS, SC e PR)",202509,45850.0,45109.06801646852,740.9319835314818,102.9203798065052,101.25719548467646,1.6631843218287372
emprego_estoque,Estoque de vinculos formais,vinculos,south,"Regiao Sul (RS, SC e PR)",202510,45810.0,45113.27179426624,696.7282057337652,102.83059103459114,101.26663178582288,1.5639592487682563
emprego_estoque,Estoque de vinculos formais,vinculos,south,"Regiao Sul (RS, SC e PR)",202511,45700.0,45161.39906614764,538.6009338523654,102.58367191182742,101.37466400176802,1.2090079100593982
emprego_estoque,Estoque de vinculos formais,vinculos,south,"Regiao Sul (RS, SC e PR)",202512,44883.0,44381.40756108245,501.59243891754886,100.74973624548252,99.62380201818772,1.125934227294792
emprego_estoque,Estoque de vinculos formais,vinculos,south,"Regiao Sul (RS, SC e PR)",202601,45746.0,44581.947567020565,1164.0524329794353,102.6869289995286,100.07395803950833,2.6129709600202915
emprego_estoque,Estoque de vinculos formais,vinculos,south,"Regiao Sul (RS, SC e PR)",202602,46638.0,44812.437055716895,1825.562944283105,104.6892186132124,100.59134224273696,4.097876370475433
emprego_estoque,Estoque de vinculos formais,vinculos,south,"Regiao Sul (RS, SC e PR)",202603,45565.0,45069.62342660211,495.3765733978871,102.28063480661744,101.16865345260749,1.1119813540099557
emprego_estoque,Estoque de vinculos formais,vinculos,rs,Rio Grande do Sul,202303,42664.0,42883.09118754998,-219.09118754998053,95.76870412354936,96.26050234023208,-0.4917982166827102
emprego_estoque,Estoque de vinculos formais,vinculos,rs,Rio Grande do Sul,202304,42951.0,43194.27214401664,-243.2721440166424,96.4129385620328,96.95901623833676,-0.5460776763039519
emprego_estoque,Estoque de vinculos formais,vinculos,rs,Rio Grande do Sul,202305,43194.0,43240.27954399746,-46.27954399745795,96.9584053514108,97.06228993691768,-0.1038845855068757
emprego_estoque,Estoque de vinculos formais,vinculos,rs,Rio Grande do Sul,202306,43208.0,43242.8271844878,-34.827184487803606,96.98983142158072,97.06800867469036,-0.0781772531096294
emprego_estoque,Estoque de vinculos formais,vinculos,rs,Rio Grande do Sul,202307,43314.0,43257.88322093933,56.11677906067053,97.22777166715302,97.10180525026225,0.1259664168907761
emprego_estoque,Estoque de vinculos formais,vinculos,rs,Rio Grande do Sul,202308,43253.0,43392.91654896812,-139.91654896811815,97.09084378998406,97.4049171675416,-0.3140733775575484
emprego_estoque,Estoque de vinculos formais,vinculos,rs,Rio Grande do Sul,202309,43271.0,43429.565471372895,-158.56547137289454,97.1312487373454,97.4871837109091,-0.3559349735636914
emprego_estoque,Estoque de vinculos formais,vinculos,rs,Rio Grande do Sul,202310,43498.0,43636.74799685795,-138.74799685795006,97.64080001795776,97.95225032404308,-0.3114503060853195
emprego_estoque,Estoque de vinculos formais,vinculos,rs,Rio Grande do Sul,202311,43471.0,43733.42759425318,-262.4275942531822,97.58019259691577,98.16926888202468,-0.5890762851089164
emprego_estoque,Estoque de vinculos formais,vinculos,rs,Rio Grande do Sul,202312,42733.0,43244.62410366104,-511.6241036610372,95.92358975510112,97.0720422538352,-1.1484524987340734
emprego_estoque,Estoque de vinculos formais,vinculos,rs,Rio Grande do Sul,202401,43893.0,43474.238550528215,418.7614494717855,98.52746414060924,97.58746223378353,0.9400019068257136
emprego_estoque,Estoque de vinculos formais,vinculos,rs,Rio Grande do Sul,202402,43820.0,43605.06260994409,214.9373900559076,98.36359963186604,97.88112552457764,0.4824741072883967
emprego_estoque,Estoque de vinculos formais,vinculos,rs,Rio Grande do Sul,202403,43673.0,43894.6096333397,-221.60963333969997,98.03362589508184,98.5310773156293,-0.4974514205474776
emprego_estoque,Estoque de vinculos formais,vinculos,rs,Rio Grande do Sul,202404,44163.0,44132.85313298577,30.14686701422761,99.1335383510292,99.0658670968726,0.0676712541565933
emprego_estoque,Estoque de vinculos formais,vinculos,rs,Rio Grande do Sul,202405,43980.0,43866.53192447235,113.46807552764948,98.72275471952231,98.46805074069528,0.2547039788270382
emprego_estoque,Estoque de vinculos formais,vinculos,rs,Rio Grande do Sul,202406,43973.0,43833.650265988406,139.34973401159368,98.70704168443736,98.39424064735104,0.3128010370863308
emprego_estoque,Estoque de vinculos formais,vinculos,rs,Rio Grande do Sul,202407,44063.0,43980.10722640229,82.89277359771222,98.90906642124402,98.72299541269678,0.1860710085472448
emprego_estoque,Estoque de vinculos formais,vinculos,rs,Rio Grande do Sul,202408,44149.0,44170.55023395848,-21.5502339584782,99.10211228085927,99.1504865068991,-0.0483742260398258
emprego_estoque,Estoque de vinculos formais,vinculos,rs,Rio Grande do Sul,202409,44302.0,44311.00537633136,-9.00537633136264,99.4455543334306,99.46576887546604,-0.0202145420354185
emprego_estoque,Estoque de vinculos formais,vinculos,rs,Rio Grande do Sul,202410,44549.0,44549.00000000001,-7.275957614183426e-12,100.0,100.0,-1.4210854715202004e-14
emprego_estoque,Estoque de vinculos formais,vinculos,rs,Rio Grande do Sul,202411,44580.0,44652.91323190953,-72.91323190952971,100.06958629823342,100.23325603696946,-0.163669738736047
emprego_estoque,Estoque de vinculos formais,vinculos,rs,Rio Grande do Sul,202412,43796.0,44158.23209816546,-362.23209816546296,98.3097263687176,99.12283574977096,-0.8131093810533656
emprego_estoque,Estoque de vinculos formais,vinculos,rs,Rio Grande do Sul,202501,45331.0,44379.68324777438,951.316752225619,101.75537049092011,99.61993141882957,2.1354390720905485
emprego_estoque,Estoque de vinculos formais,vinculos,rs,Rio Grande do Sul,202502,44954.0,44573.88649715506,380.11350284494256,100.90911131563,100.05586320041988,0.8532481152100928
emprego_estoque,Estoque de vinculos formais,vinculos,rs,Rio Grande do Sul,202503,44868.0,44654.368700937724,213.6312990622755,100.71606545601472,100.23652315638448,0.4795422996302392
emprego_estoque,Estoque de vinculos formais,vinculos,rs,Rio Grande do Sul,202504,45002.0,44815.7187258808,186.2812741192029,101.01685784192686,100.59870867108306,0.4181491708438045
emprego_estoque,Estoque de vinculos formais,vinculos,rs,Rio Grande do Sul,202505,45110.0,44837.67532633843,272.32467366156925,101.25928752609484,100.64799507584551,0.6112924502493229
emprego_estoque,Estoque de vinculos formais,vinculos,rs,Rio Grande do Sul,202506,45360.0,44925.13811179397,434.8618882060328,101.8204673505578,100.84432447820146,0.9761428723563484
emprego_estoque,Estoque de vinculos formais,vinculos,rs,Rio Grande do Sul,202507,45497.0,44935.77503929962,561.2249607003832,102.12799389436351,100.86820139464324,1.2597924997202767
emprego_estoque,Estoque de vinculos formais,vinculos,rs,Rio Grande do Sul,202508,45611.0,44899.8310724198,711.1689275802055,102.38389189431862,100.78751727854676,1.5963746157718504
emprego_estoque,Estoque de vinculos formais,vinculos,rs,Rio Grande do Sul,202509,45850.0,44944.60646239036,905.3935376096416,102.9203798065052,100.88802546048252,2.032354346022672
emprego_estoque,Estoque de vinculos formais,vinculos,rs,Rio Grande do Sul,202510,45810.0,44947.096650986205,862.9033490137954,102.83059103459114,100.89361523487892,1.9369757997122288
emprego_estoque,Estoque de vinculos formais,vinculos,rs,Rio Grande do Sul,202511,45700.0,44958.9764556738,741.023544326199,102.58367191182742,100.92028206171584,1.663389850111571
emprego_estoque,Estoque de vinculos formais,vinculos,rs,Rio Grande do Sul,202512,44883.0,44403.60250410897,479.397495891033,100.74973624548252,99.67362343511408,1.0761128103684428
emprego_estoque,Estoque de vinculos formais,vinculos,rs,Rio Grande do Sul,202601,45746.0,44373.34634329273,1372.653656707269,102.6869289995286,99.60570684705095,3.081222152477636
emprego_estoque,Estoque de vinculos formais,vinculos,rs,Rio Grande do Sul,202602,46638.0,44576.18163416774,2061.81836583226,104.6892186132124,100.06101513876348,4.628203474448938
emprego_estoque,Estoque de vinculos formais,vinculos,rs,Rio Grande do Sul,202603,45565.0,44643.66035276648,921.3396472335226,102.28063480661744,100.21248592059636,2.0681488860210777
